Workbook

Sheet Raw Data
A1: Date | B1: Region | C1: Salesperson | D1: Product | E1: Category | F1: Quantity | G1: Unit Price | H1: Sales Amount
A2: 46260 | B2: North | C2: Neha | D2: Laptop Bag | E2: Accessories | F2: 3 | G2: 2244.63 | H2: =F2*G2
A3: 46243 | B3: Central | C3: Ishita | D3: Monitor | E3: Office & Computing | F3: 7 | G3: 15614.62 | H3: =F3*G3
A4: 46279 | B4: Central | C4: Neha | D4: Webcam | E4: Accessories | F4: 8 | G4: 2969.19 | H4: =F4*G4
A5: 46281 | B5: North | C5: Ishita | D5: Webcam | E5: Accessories | F5: 7 | G5: 3477.63 | H5: =F5*G5
A6: 46248 | B6: West | C6: Vikram | D6: Smartwatch | E6: Mobile & Wearables | F6: 10 | G6: 8171.17 | H6: =F6*G6
A7: 46280 | B7: Central | C7: Rahul | D7: Webcam | E7: Accessories | F7: 6 | G7: 3125.21 | H7: =F7*G7
A8: 46252 | B8: Central | C8: Rahul | D8: Webcam | E8: Accessories | F8: 4 | G8: 3094.42 | H8: =F8*G8
A9: 46294 | B9: Central | C9: Rahul | D9: Webcam | E9: Accessories | F9: 9 | G9: 3507.39 | H9: =F9*G9
A10: 46273 | B10: Central | C10: Ishita | D10: Laptop Bag | E10: Accessories | F10: 3 | G10: 2236.31 | H10: =F10*G10
A11: 46293 | B11: North | C11: Rahul | D11: SSD | E11: Office & Computing | F11: 10 | G11: 7162.76 | H11: =F11*G11
A12: 46246 | B12: North | C12: Ananya | D12: Webcam | E12: Accessories | F12: 2 | G12: 2833.9 | H12: =F12*G12
A13: 46265 | B13: West | C13: Ananya | D13: SSD | E13: Office & Computing | F13: 7 | G13: 6705.94 | H13: =F13*G13
... A61: 46285 | B61: Central | C61: Vikram | D61: Webcam | E61: Accessories | F61: 3 | G61: 3410.47 | H61: =F61*G61

Sheet Summary
A1: SALES TRACKER — SUMMARY
A2: Version B — Office & Smart Devices
A4: Total Sales | C4: Total Units | E4: Transactions | G4: Avg Order
A5: =SUM('Raw Data'!H2:H1000) | C5: =SUM('Raw Data'!F2:F1000) | E5: =COUNTA('Raw Data'!A2:A1000) | G5: =IFERROR(B5/F5,0)
A7: Selected Date | B7: 46235 | D7: Selected Month | E7: 46235
A9: Daily Total | B9: =SUMIFS('Raw Data'!H:H,'Raw Data'!A:A,B7)
A10: Week Start (Mon) | B10: =B7-WEEKDAY(B7,2)+1
A11: Weekly Total | B11: =SUMIFS('Raw Data'!H:H,'Raw Data'!A:A,">="&B10,'Raw Data'!A:A,"<"&B10+7)
A12: Monthly Total | B12: =SUMIFS('Raw Data'!H:H,'Raw Data'!A:A,">="&E7,'Raw Data'!A:A,"<"&EDATE(E7,1))
A15: Monthly Sales Trend | D15: Sales by Category
A16: Month | B16: Sales | D16: Category | E16: Sales
A17: 46235 | B17: =SUMIFS('Raw Data'!H:H,'Raw Data'!A:A,">="&A17,'Raw Data'!A:A,"<"&EDATE(A17,1)) | D17: Accessories | E17: =SUMIF('Raw Data'!E:E,D17,'Raw Data'!H:H)
A18: 46266 | B18: =SUMIFS('Raw Data'!H:H,'Raw Data'!A:A,">="&A18,'Raw Data'!A:A,"<"&EDATE(A18,1)) | D18: Mobile & Wearables | E18: =SUMIF('Raw Data'!E:E,D18,'Raw Data'!H:H)
A19: 46296 | B19: =SUMIFS('Raw Data'!H:H,'Raw Data'!A:A,">="&A19,'Raw Data'!A:A,"<"&EDATE(A19,1)) | D19: Office & Computing | E19: =SUMIF('Raw Data'!E:E,D19,'Raw Data'!H:H)
A20: 46327 | B20: =SUMIFS('Raw Data'!H:H,'Raw Data'!A:A,">="&A20,'Raw Data'!A:A,"<"&EDATE(A20,1))
A21: 46357 | B21: =SUMIFS('Raw Data'!H:H,'Raw Data'!A:A,">="&A21,'Raw Data'!A:A,"<"&EDATE(A21,1))
A22: 46388 | B22: =SUMIFS('Raw Data'!H:H,'Raw Data'!A:A,">="&A22,'Raw Data'!A:A,"<"&EDATE(A22,1))

Sheet Instructions
A1: SALES TRACKER — USER GUIDE
A3: 1. Raw entry | B3: Enter one transaction per row in Raw Data.
A4: 2. Data validation | B4: Use dropdowns for Region and Product; Quantity accepts whole numbers.
A5: 3. Formula | B5: Sales Amount is calculated automatically as Quantity × Unit Price.
A6: 4. Daily rollup | B6: Change Selected Date in Summary!B7.
A7: 5. Weekly rollup | B7: The week is calculated Monday–Sunday.
A8: 6. Monthly rollup | B8: Change Selected Month in Summary!E7.
A9: 7. Verification | B9: Filter Raw Data and manually sum Sales Amount for the relevant date range.
A10: 8. Structure | B10: Keep raw inputs separate from summary formulas.
